{
  "scalar_metrics": {
    "accuracy": 0.689820742637644,
    "precision_macro": 0.6908750572084811,
    "recall_macro": 0.6929987417548965,
    "f1_macro": 0.6918650131591142,
    "precision_weighted": 0.6888226250798072,
    "recall_weighted": 0.689820742637644,
    "f1_weighted": 0.6892468577776184,
    "mcc": 0.5328898730738958,
    "roc_auc_macro": 0.8512508398128972
  },
  "per_class": {
    "Negative": {
      "precision": 0.683585313174946,
      "recall": 0.6948408342480791,
      "f1": 0.6891671203048448,
      "support": 911
    },
    "Neutral": {
      "precision": 0.6275375110326566,
      "recall": 0.6103004291845494,
      "f1": 0.618798955613577,
      "support": 1165
    },
    "Positive": {
      "precision": 0.7615023474178404,
      "recall": 0.773854961832061,
      "f1": 0.7676289635589209,
      "support": 1048
    }
  }
}