{
  "scalar_metrics": {
    "accuracy": 0.647247119078105,
    "precision_macro": 0.6441690016858882,
    "recall_macro": 0.6529822705782239,
    "f1_macro": 0.6458847425683208,
    "precision_weighted": 0.6433868765657224,
    "recall_weighted": 0.647247119078105,
    "f1_weighted": 0.6424549061125516,
    "mcc": 0.4727210560278946,
    "roc_auc_macro": 0.8138963773031643
  },
  "per_class": {
    "Negative": {
      "precision": 0.634453781512605,
      "recall": 0.6630076838638859,
      "f1": 0.6484165324745035,
      "support": 911
    },
    "Neutral": {
      "precision": 0.6119096509240246,
      "recall": 0.511587982832618,
      "f1": 0.5572697522206638,
      "support": 1165
    },
    "Positive": {
      "precision": 0.6861435726210351,
      "recall": 0.7843511450381679,
      "f1": 0.7319679430097952,
      "support": 1048
    }
  }
}