Model,Accuracy,Precision,Recall,F1-Score
weighted_20260206_142013,0.7128681177976952,0.7159638579041346,0.7152270481963305,0.7155732135303708
voting_20260206_141643,0.7087067861715749,0.7118858636577091,0.7110446862819937,0.7114468531994954
stacking_20260206_142318,0.6914212548015365,0.693001977908502,0.694046369680208,0.6934722411530333
