Model,Accuracy,Precision,Recall,F1-Score
bertweet,0.7756081946222791,0.775588036500201,0.780244797553527,0.777344366261607
roberta,0.762483994878361,0.7617794422392091,0.7716726548450223,0.7626970411346252
weighted_20260206_142013,0.7128681177976952,0.7159638579041346,0.7152270481963305,0.7155732135303708
voting_20260206_141643,0.7087067861715749,0.7118858636577091,0.7110446862819937,0.7114468531994954
stacking_20260206_142318,0.6914212548015365,0.693001977908502,0.694046369680208,0.6934722411530333
transformer,0.689820742637644,0.6908750572084811,0.6929987417548965,0.6918650131591142
fasttext,0.6523687580025608,0.6574594530684617,0.6562969169422651,0.6563795708384265
bilstm,0.647247119078105,0.6441690016858882,0.6529822705782239,0.6458847425683208
