{
  "scalar_metrics": {
    "accuracy": 0.6523687580025608,
    "precision_macro": 0.6574594530684617,
    "recall_macro": 0.6562969169422651,
    "f1_macro": 0.6563795708384265,
    "precision_weighted": 0.655063444342396,
    "recall_weighted": 0.6523687580025608,
    "f1_weighted": 0.6532404109071325,
    "mcc": 0.4767640433636567,
    "roc_auc_macro": 0.8308507902320429
  },
  "per_class": {
    "Negative": {
      "precision": 0.643595041322314,
      "recall": 0.6838638858397366,
      "f1": 0.6631186801490154,
      "support": 911
    },
    "Neutral": {
      "precision": 0.5772495755517827,
      "recall": 0.5836909871244635,
      "f1": 0.580452411438327,
      "support": 1165
    },
    "Positive": {
      "precision": 0.7515337423312883,
      "recall": 0.7013358778625954,
      "f1": 0.7255676209279368,
      "support": 1048
    }
  }
}